affiliation,country,province
陆军军官学院,中国,安徽省
中科院合肥物质科学研究院,中国,安徽省
安徽财经大学,中国,安徽省
安徽大学,中国,安徽省
安徽工程大学,中国,安徽省
安徽工业大学,中国,安徽省
安徽建筑大学,中国,安徽省
安徽理工大学,中国,安徽省
安徽农业大学,中国,安徽省
安徽师范大学,中国,安徽省
合肥工业大学,中国,安徽省
淮北师范大学,中国,安徽省
解放军电子工程学院,中国,安徽省
中国科技大学,中国,安徽省
中国科学技术大学,中国,安徽省
中国人民解放军蚌埠坦克学院,中国,安徽省
中国人民解放军电子工程学院,中国,安徽省
澳门大学,中国,澳门特别行政区
澳门科技大学,中国,澳门特别行政区
北京信息控制研究所(航天710所),中国,北京市
防化研究院,中国,北京市
高能物理研究所,中国,北京市
海军装备研究院,中国,北京市
核工业第二研究设计院,中国,北京市
中国国防科技信息中心,中国,北京市
中国航天科技集团公司第五研究院,中国,北京市
中国航天科技集团公司第一研究院,中国,北京市
中国科学院北京基因组研究所,中国,北京市
中国科学院声学研究所,中国,北京市
中国人民解放军国防大学,中国,北京市
中国人民解放军军事科学院,中国,北京市
中国人民解放军战略支援部队航天工程大学,中国,北京市
中国人民解放军装备学院,中国,北京市
中国人民解放军总参第五十八研究所,中国,北京市
中国社会科学院研究生院,中国,北京市
中科院光电研究院,中国,北京市
中科院科技政策与管理科学研究所,中国,北京市
北方工业大学,中国,北京市
北京大学,中国,北京市
北京电子科技学院,中国,北京市
北京服装学院,中国,北京市
北京跟踪与通信技术研究所,中国,北京市
北京工商大学,中国,北京市
北京工业大学,中国,北京市
北京航空航天大学,中国,北京市
北京化工大学,中国,北京市
北京机电研究所,中国,北京市
北京机械工业学院,中国,北京市
北京建筑大学,中国,北京市
北京交通大学,中国,北京市
北京科技大学,中国,北京市
北京理工大学,中国,北京市
北京联合大学,中国,北京市
北京林业大学,中国,北京市
北京师范大学,中国,北京市
北京石油化工学院,中国,北京市
北京外国语大学,中国,北京市
北京物资学院,中国,北京市
北京系统工程研究所,中国,北京市
北京协和医学院,中国,北京市
北京信息科技大学,中国,北京市
北京邮电大学,中国,北京市
北京有色金属研究总院,中国,北京市
北京中医药大学,中国,北京市
电信科学技术研究院,中国,北京市
对外经济贸易大学,中国,北京市
对外经贸大学,中国,北京市
国际关系学院,中国,北京市
华北电力大学,中国,北京市
华北电力大学(北京),中国,北京市
机械科学研究总院,中国,北京市
解放军装甲兵工程学院,中国,北京市
煤炭科学研究总院,中国,北京市
清华大学,中国,北京市
首都经济贸易大学,中国,北京市
首都经贸大学,中国,北京市
首都师范大学,中国,北京市
中国北方车辆研究所,中国,北京市
中国传媒大学,中国,北京市
中国地震局地球物理研究所,中国,北京市
中国地震局地震预测研究所,中国,北京市
中国地震局地质研究所,中国,北京市
中国地质大学,中国,北京市
中国地质大学(北京),中国,北京市
中国电力科学研究院,中国,北京市
中国工程物理研究院,中国,北京市
中国航天二院,中国,北京市
中国航天科工集团第二研究院,中国,北京市
中国航天科工集团第三研究院,中国,北京市
中国航天科工集团公司第二研究院,中国,北京市
中国航天科技集团公司第十一研究院,中国,北京市
中国航天系统科学与工程研究院,中国,北京市
中国航天员科研训练中心,中国,北京市
中国建筑材料科学研究总院,中国,北京市
中国科学技术信息研究所,中国,北京市
中国科学院,中国,北京市
中国科学院大学,中国,北京市
中国科学院电子所,中国,北京市
中国科学院化学研究所,中国,北京市
中国科学院计算机网络信息中心,中国,北京市
中国科学院软件研究所,中国,北京市
中国科学院数学与系统科学研究院,中国,北京市
中国科学院网络信息中心,中国,北京市
中国科学院信息工程研究所,中国,北京市
中国科学院植物研究所,中国,北京市
中国科学院自动化研究所,中国,北京市
中国矿业大学(北京),中国,北京市
中国农业大学,中国,北京市
中国农业科学院,中国,北京市
中国气象科学研究院,中国,北京市
中国青年政治学院,中国,北京市
中国人民大学,中国,北京市
中国人民公安大学,中国,北京市
中国石油大学(北京),中国,北京市
中国石油勘探开发研究院,中国,北京市
中国铁道科学研究院,中国,北京市
中国原子能科学研究院,中国,北京市
中国政法大学,中国,北京市
中科院计算机网络信息中心,中国,北京市
中科院计算技术研究所,中国,北京市
中科院计算所,中国,北京市
中科院数学与系统科学研究院,中国,北京市
中科院植物研究所,中国,北京市
中科院自动化研究所,中国,北京市
中央财经大学,中国,北京市
中央民族大学,中国,北京市
装甲兵工程学院,中国,北京市
装甲兵学院,中国,北京市
福建工程学院,中国,福建省
福建农林大学,中国,福建省
福建师范大学,中国,福建省
福州大学,中国,福建省
华侨大学,中国,福建省
集美大学,中国,福建省
闽南师范大学,中国,福建省
厦门大学,中国,福建省
厦门国家会计学院,中国,福建省
漳州师范学院,中国,福建省
中科院近代物理研究所,中国,甘肃省
甘肃农业大学,中国,甘肃省
兰州财经大学,中国,甘肃省
兰州大学,中国,甘肃省
兰州交通大学,中国,甘肃省
兰州理工大学,中国,甘肃省
天水师范学院,中国,甘肃省
西北民族大学,中国,甘肃省
西北师范大学,中国,甘肃省
中国地震局兰州地震研究所,中国,甘肃省
中国空间技术研究院510所,中国,甘肃省
广东药学院,中国,广东省
中科院南海海洋研究所,中国,广东省
佛山科学技术学院,中国,广东省
广东财经大学,中国,广东省
广东工业大学,中国,广东省
广东金融学院,中国,广东省
广东商学院,中国,广东省
广东外语外贸大学,中国,广东省
广东药科大学,中国,广东省
广州大学,中国,广东省
华南理工大学,中国,广东省
华南农业大学,中国,广东省
华南师范大学,中国,广东省
暨南大学,中国,广东省
南方医科大学,中国,广东省
汕头大学,中国,广东省
深圳大学,中国,广东省
五邑大学,中国,广东省
中山大学,中国,广东省
广西大学,中国,广西壮族自治区
广西工学院,中国,广西壮族自治区
广西科技大学,中国,广西壮族自治区
广西民族大学,中国,广西壮族自治区
广西师范大学,中国,广西壮族自治区
广西师范学院,中国,广西壮族自治区
桂林电子科技大学,中国,广西壮族自治区
桂林理工大学,中国,广西壮族自治区
中国航天科工集团061基地,中国,贵州省
贵州财经大学,中国,贵州省
贵州财经学院,中国,贵州省
贵州大学,中国,贵州省
贵州民族大学,中国,贵州省
贵州民族学院,中国,贵州省
黔南民族师范学院,中国,贵州省
中科院半导体研究所,中国,北京市
海南大学,中国,海南省
海南师范大学,中国,海南省
石家庄经济学院,中国,河北省
北华航天工业学院,中国,河北省
防灾科技学院,中国,河北省
河北大学,中国,河北省
河北地质大学,中国,河北省
河北工程大学,中国,河北省
河北工业大学,中国,河北省
河北建筑工程学院,中国,河北省
河北经贸大学,中国,河北省
河北科技大学,中国,河北省
河北理工大学,中国,河北省
河北联合大学,中国,河北省
河北师范大学,中国,河北省
华北电力大学(保定),中国,河北省
华北理工大学,中国,河北省
解放军石家庄陆军指挥学院,中国,河北省
石家庄陆军指挥学院,中国,河北省
石家庄铁道大学,中国,河北省
石家庄铁道学院,中国,河北省
燕山大学,中国,河北省
中国科学院遗传与发育生物学研究所农业资源研究中心,中国,河北省
中国人民武装警察部队学院,中国,河北省
华北水利水电学院,中国,河南省
河南大学,中国,河南省
河南工业大学,中国,河南省
河南科技大学,中国,河南省
河南科技学院,中国,河南省
河南理工大学,中国,河南省
河南农业大学,中国,河南省
河南师范大学,中国,河南省
后勤工程学院,中国,河南省
华北水利水电大学,中国,河南省
解放军外国语学院,中国,河南省
解放军信息工程大学,中国,河南省
洛阳师范学院,中国,河南省
南阳师范学院,中国,河南省
信阳师范学院,中国,河南省
郑州大学,中国,河南省
郑州航空工业管理学院,中国,河南省
郑州轻工业学院,中国,河南省
中国人民解放军后勤工程学院,中国,河南省
中原工学院,中国,河南省
大庆石油学院,中国,黑龙江省
东北林业大学,中国,黑龙江省
东北农业大学,中国,黑龙江省
东北石油大学,中国,黑龙江省
哈尔滨船舶锅炉涡轮机研究所,中国,黑龙江省
哈尔滨工程大学,中国,黑龙江省
哈尔滨工业大学,中国,黑龙江省
哈尔滨理工大学,中国,黑龙江省
哈尔滨商业大学,中国,黑龙江省
哈尔滨师范大学,中国,黑龙江省
哈尔滨医科大学,中国,黑龙江省
黑龙江八一农垦大学,中国,黑龙江省
黑龙江大学,中国,黑龙江省
黑龙江科技大学,中国,黑龙江省
黑龙江科技学院,中国,黑龙江省
佳木斯大学,中国,黑龙江省
牡丹江师范学院,中国,黑龙江省
齐齐哈尔大学,中国,黑龙江省
测量与地球物理研究所,中国,湖北省
武汉岩土力学研究所,中国,湖北省
中国科学院武汉物理与数学研究所,中国,湖北省
国防信息学院,中国,湖北省
海军工程大学,中国,湖北省
湖北大学,中国,湖北省
湖北大学数计学院,中国,湖北省
湖北工业大学,中国,湖北省
湖北经济学院,中国,湖北省
湖北民族学院,中国,湖北省
湖北汽车工业学院,中国,湖北省
湖北师范大学,中国,湖北省
湖北师范学院,中国,湖北省
华中科技大学,中国,湖北省
华中农业大学,中国,湖北省
华中师范大学,中国,湖北省
黄冈师范学院,中国,湖北省
江汉大学,中国,湖北省
空军预警学院,中国,湖北省
三峡大学,中国,湖北省
通信指挥学院,中国,湖北省
武汉大学,中国,湖北省
武汉第二船舶设计研究所,中国,湖北省
武汉纺织大学,中国,湖北省
武汉工程大学,中国,湖北省
武汉科技大学,中国,湖北省
武汉科技学院,中国,湖北省
武汉理工大学,中国,湖北省
武汉轻工大学,中国,湖北省
武汉邮电科学研究院,中国,湖北省
长江大学,中国,湖北省
中国地震局地震研究所,中国,湖北省
中国地质大学(武汉),中国,湖北省
中国舰船研究设计中心(701所),中国,湖北省
中南财经政法大学,中国,湖北省
中南民族大学,中国,湖北省
国防科技大学,中国,湖南省
国防科学技术大学,中国,湖南省
湖南大学,中国,湖南省
湖南工程学院,中国,湖南省
湖南工业大学,中国,湖南省
湖南科技大学,中国,湖南省
湖南理工学院,中国,湖南省
湖南农业大学,中国,湖南省
湖南人文科技学院,中国,湖南省
湖南商学院,中国,湖南省
湖南师范大学,中国,湖南省
吉首大学,中国,湖南省
解放军通信指挥学院,中国,湖南省
南华大学,中国,湖南省
湘潭大学,中国,湖南省
长沙理工大学,中国,湖南省
中南大学,中国,湖南省
中南林业科技大学,中国,湖南省
北华大学,中国,吉林省
东北电力大学,中国,吉林省
东北电力学院,中国,吉林省
东北师范大学,中国,吉林省
吉林财经大学,中国,吉林省
吉林大学,中国,吉林省
吉林建筑大学,中国,吉林省
吉林建筑工程学院,中国,吉林省
吉林农业大学,中国,吉林省
吉林师范大学,中国,吉林省
延边大学,中国,吉林省
长春大学,中国,吉林省
长春工程学院,中国,吉林省
长春工业大学,中国,吉林省
长春理工大学,中国,吉林省
长春师范大学,中国,吉林省
中国人民解放军空军航空大学,中国,吉林省
中科院长春光学精密机械与物理研究所,中国,吉林省
淮阴师范学院,中国,江苏省
徐州医学院,中国,江苏省
中国人民解放军海军指挥学院,中国,江苏省
中科院南京地理与湖泊研究所,中国,江苏省
常州大学,中国,江苏省
东南大学,中国,江苏省
国网电力科学研究院,中国,江苏省
河海大学,中国,江苏省
淮阴工学院,中国,江苏省
江南大学,中国,江苏省
江苏大学,中国,江苏省
江苏科技大学,中国,江苏省
江苏师范大学,中国,江苏省
江苏自动化研究所,中国,江苏省
解放军理工大学,中国,江苏省
空军勤务学院,中国,江苏省
陆军工程大学,中国,江苏省
南京财经大学,中国,江苏省
南京大学,中国,江苏省
南京电子技术研究所,中国,江苏省
南京工业大学,中国,江苏省
南京航空航天大学,中国,江苏省
南京理工大学,中国,江苏省
南京林业大学,中国,江苏省
南京农业大学,中国,江苏省
南京炮兵学院,中国,江苏省
南京审计学院,中国,江苏省
南京师范大学,中国,江苏省
南京水利科学研究院,中国,江苏省
南京信息工程大学,中国,江苏省
南京医科大学,中国,江苏省
南京邮电大学,中国,江苏省
南通大学,中国,江苏省
苏州大学,中国,江苏省
苏州科技大学,中国,江苏省
苏州科技学院,中国,江苏省
徐州空军学院,中国,江苏省
徐州师范大学,中国,江苏省
扬州大学,中国,江苏省
中国船舶科学研究中心,中国,江苏省
中国科学院紫金山天文台,中国,江苏省
中国矿业大学,中国,江苏省
中国人民解放军总参第五十六研究所,中国,江苏省
中国药科大学,中国,江苏省
中科院紫金山天文台,中国,江苏省
景德镇陶瓷学院,中国,江西省
东华理工大学,中国,江西省
赣南师范大学,中国,江西省
赣南师范学院,中国,江西省
华东交通大学,中国,江西省
江西财经大学,中国,江西省
江西理工大学,中国,江西省
江西农业大学,中国,江西省
江西师范大学,中国,江西省
江西中医学院,中国,江西省
江西中医药大学,中国,江西省
景德镇陶瓷大学,中国,江西省
南昌大学,中国,江西省
南昌航空大学,中国,江西省
大连民族学院,中国,辽宁省
中科院沈阳计算技术研究所,中国,辽宁省
鞍山师范学院,中国,辽宁省
大连大学,中国,辽宁省
大连工业大学,中国,辽宁省
大连海事大学,中国,辽宁省
大连海洋大学,中国,辽宁省
大连交通大学,中国,辽宁省
大连理工大学,中国,辽宁省
大连民族大学,中国,辽宁省
东北财经大学,中国,辽宁省
东北大学,中国,辽宁省
海军大连舰艇学院,中国,辽宁省
辽宁大学,中国,辽宁省
辽宁工程技术大学,中国,辽宁省
辽宁工业大学,中国,辽宁省
辽宁科技大学,中国,辽宁省
辽宁师范大学,中国,辽宁省
辽宁石油化工大学,中国,辽宁省
辽宁中医药大学,中国,辽宁省
沈阳大学,中国,辽宁省
沈阳工程学院,中国,辽宁省
沈阳工业大学,中国,辽宁省
沈阳航空航天大学,中国,辽宁省
沈阳化工大学,中国,辽宁省
沈阳建筑大学,中国,辽宁省
沈阳理工大学,中国,辽宁省
沈阳农业大学,中国,辽宁省
沈阳师范大学,中国,辽宁省
沈阳药科大学,中国,辽宁省
中国科学院沈阳自动化研究所,中国,辽宁省
中国医科大学,中国,辽宁省
中科院大连化学物理研究所,中国,辽宁省
中科院金属研究所,中国,辽宁省
宾夕法尼亚州立大学,美国,国外
加州大学圣克鲁兹分校硅谷学院,美国,国外
南京邮电学院,中国,江苏省
内蒙古财经大学,中国,内蒙古自治区
内蒙古财经学院,中国,内蒙古自治区
内蒙古大学,中国,内蒙古自治区
内蒙古工业大学,中国,内蒙古自治区
内蒙古科技大学,中国,内蒙古自治区
内蒙古民族大学,中国,内蒙古自治区
内蒙古师范大学,中国,内蒙古自治区
北方民族大学,中国,宁夏回族自治区
宁夏大学,中国,宁夏回族自治区
宁夏医科大学,中国,宁夏回族自治区
青海大学,中国,青海省
青海民族大学,中国,青海省
中国科学院青海盐湖研究所,中国,青海省
海军航空工程学院,中国,山东省
济南大学,中国,山东省
聊城大学,中国,山东省
临沂大学,中国,山东省
临沂师范学院,中国,山东省
齐鲁工业大学,中国,山东省
青岛大学,中国,山东省
青岛科技大学,中国,山东省
青岛理工大学,中国,山东省
曲阜师范大学,中国,山东省
山东财经大学,中国,山东省
山东大学,中国,山东省
山东工商学院,中国,山东省
山东建筑大学,中国,山东省
山东科技大学,中国,山东省
山东理工大学,中国,山东省
山东师范大学,中国,山东省
烟台大学,中国,山东省
中国海洋大学,中国,山东省
中国石油大学(华东),中国,山东省
山西财经大学,中国,山西省
山西大学,中国,山西省
山西农业大学,中国,山西省
山西师范大学,中国,山西省
太原科技大学,中国,山西省
太原理工大学,中国,山西省
太原师范学院,中国,山西省
中北大学,中国,山西省
第四军医大学,中国,陕西省
陕西理工学院,中国,陕西省
西安光学精密机械研究所,中国,陕西省
宝鸡文理学院,中国,陕西省
第二炮兵工程大学,中国,陕西省
第二炮兵工程学院,中国,陕西省
国家授时中心,中国,陕西省
火箭军工程大学,中国,陕西省
解放军第二炮兵工程大学,中国,陕西省
解放军西安通信学院,中国,陕西省
空军工程大学,中国,陕西省
陕西科技大学,中国,陕西省
陕西理工大学,中国,陕西省
陕西师范大学,中国,陕西省
武警工程大学,中国,陕西省
武警工程学院,中国,陕西省
西安财经学院,中国,陕西省
西安第二炮兵工程学院,中国,陕西省
西安电子科技大学,中国,陕西省
西安工程大学,中国,陕西省
西安工业大学,中国,陕西省
西安建筑科技大学,中国,陕西省
西安交通大学,中国,陕西省
西安精密机械研究所,中国,陕西省
西安科技大学,中国,陕西省
西安理工大学,中国,陕西省
西安石油大学,中国,陕西省
西安通信学院,中国,陕西省
西安邮电大学,中国,陕西省
西北大学,中国,陕西省
西北工业大学,中国,陕西省
西北农林科技大学,中国,陕西省
西京学院,中国,陕西省
长安大学,中国,陕西省
中国飞行试验研究院,中国,陕西省
中国航空研究院618所,中国,陕西省
中国航空研究院623所,中国,陕西省
第二军医大学,中国,上海市
上海大学悉尼工商学院,中国,上海市
上海技术物理研究所,中国,上海市
上海立信会计学院,中国,上海市
中国科学院上海高等研究院,中国,上海市
中国科学院上海光学精密机械研究所,中国,上海市
中国科学院上海硅酸盐研究所,中国,上海市
中国科学院上海技术物理研究所,中国,上海市
中国科学院上海生命科学研究院,中国,上海市
中国科学院上海天文台,中国,上海市
中国科学院上海应用物理研究所,中国,上海市
中国科学院声学研究所东海研究站,中国,上海市
中科院上海微系统与信息技术研究所,中国,上海市
中科院上海有机化学研究所,中国,上海市
电信科学技术第一研究所(上海),中国,上海市
东华大学,中国,上海市
复旦大学,中国,上海市
华东理工大学,中国,上海市
华东师范大学,中国,上海市
华东政法大学,中国,上海市
上海材料研究所,中国,上海市
上海财经大学,中国,上海市
上海船舶设备研究所,中国,上海市
上海船舶运输科学研究所,中国,上海市
上海大学,中国,上海市
上海第二工业大学,中国,上海市
上海电机学院,中国,上海市
上海电力学院,中国,上海市
上海对外经贸大学,中国,上海市
上海对外贸易学院,中国,上海市
上海发电设备成套设计研究院,中国,上海市
上海工程技术大学,中国,上海市
上海国家会计学院,中国,上海市
上海海事大学,中国,上海市
上海海洋大学,中国,上海市
上海航天技术研究院(航天八院),中国,上海市
上海核工程研究设计院,中国,上海市
上海化工研究院,中国,上海市
上海交通大学,中国,上海市
上海科技大学,中国,上海市
上海理工大学,中国,上海市
上海立信会计金融学院,中国,上海市
上海内燃机研究所,中国,上海市
上海社会科学院,中国,上海市
上海师范大学,中国,上海市
上海市计算技术研究所,中国,上海市
上海体育学院,中国,上海市
上海外国语大学,中国,上海市
上海应用技术大学,中国,上海市
上海应用技术学院,中国,上海市
上海政法学院,中国,上海市
上海中医药大学,中国,上海市
同济大学,中国,上海市
中国船舶及海洋工程设计研究院,中国,上海市
长春师范学院,中国,辽宁省
中科院沈阳自动化研究所,中国,辽宁省
中科院成都计算机应用研究所,中国,四川省
中科院成都山地灾害与环境研究所,中国,四川省
成都理工大学,中国,四川省
成都信息工程大学,中国,四川省
成都信息工程学院,中国,四川省
电子科技大学,中国,四川省
四川大学,中国,四川省
四川理工学院,中国,四川省
四川农业大学,中国,四川省
四川师范大学,中国,四川省
西华大学,中国,四川省
西华师范大学,中国,四川省
西南财经大学,中国,四川省
西南交通大学,中国,四川省
西南科技大学,中国,四川省
西南民族大学,中国,四川省
西南石油大学,中国,四川省
中国航空研究院624所,中国,四川省
中国科学院光电技术研究所,中国,四川省
中国民用航空飞行学院,中国,四川省
中科院光电技术研究所,中国,四川省
台湾成功大学,中国,台湾省
国家海洋技术中心,中国,天津市
航天科工集团三院8358所,中国,天津市
南开大学,中国,天津市
天津财经大学,中国,天津市
天津城建大学,中国,天津市
天津城市建设学院,中国,天津市
天津大学,中国,天津市
天津工业大学,中国,天津市
天津科技大学,中国,天津市
天津理工大学,中国,天津市
天津农学院,中国,天津市
天津商业大学,中国,天津市
天津师范大学,中国,天津市
天津外国语大学,中国,天津市
天津职业技术师范大学,中国,天津市
武警后勤学院,中国,天津市
中国民航大学,中国,天津市
中国民用航空学院,中国,天津市
武汉工业学院,中国,湖北省
香港科技大学,中国,香港特别行政区
香港城市大学,中国,香港特别行政区
香港中文大学,中国,香港特别行政区
新加坡南洋理工大学,新加坡,国外
石河子大学,中国,新疆维吾尔自治区
塔里木大学,中国,新疆维吾尔自治区
新疆财经大学,中国,新疆维吾尔自治区
新疆大学,中国,新疆维吾尔自治区
新疆农业大学,中国,新疆维吾尔自治区
新疆医科大学,中国,新疆维吾尔自治区
伊犁师范学院,中国,新疆维吾尔自治区
新西兰奥克兰大学,新西兰,国外
伦敦大学学院,英国,国外
谢菲尔德大学,英国,国外
大理学院,中国,云南省
桂林电子工业学院,中国,云南省
昆明理工大学,中国,云南省
西南林业大学,中国,云南省
云南财经大学,中国,云南省
云南大学,中国,云南省
云南民族大学,中国,云南省
云南农业大学,中国,云南省
云南师范大学,中国,云南省
杭州电子科技大学,中国,浙江省
杭州师范大学,中国,浙江省
杭州应用声学研究所,中国,浙江省
湖州师范学院,中国,浙江省
宁波大学,中国,浙江省
温州大学,中国,浙江省
温州医科大学,中国,浙江省
浙江财经大学,中国,浙江省
浙江财经学院,中国,浙江省
浙江大学,中国,浙江省
浙江工商大学,中国,浙江省
浙江工业大学,中国,浙江省
浙江科技学院,中国,浙江省
浙江理工大学,中国,浙江省
浙江农林大学,中国,浙江省
浙江师范大学,中国,浙江省
浙江中医药大学,中国,浙江省
中国计量大学,中国,浙江省
中国计量学院,中国,浙江省
第三军医大学,中国,重庆市
煤炭科学研究总院重庆研究院,中国,重庆市
重庆市地质灾害防治工程技术研究中心,中国,重庆市
重庆通信学院,中国,重庆市
西南大学,中国,重庆市
西南政法大学,中国,重庆市
中国人民解放军军事经济学院,中国,重庆市
重庆大学,中国,重庆市
重庆工商大学,中国,重庆市
重庆交通大学,中国,重庆市
重庆科技学院,中国,重庆市
重庆理工大学,中国,重庆市
重庆三峡学院,中国,重庆市
重庆师范大学,中国,重庆市
重庆邮电大学,中国,重庆市
北京印刷学院,中国,北京市
北京农学院,中国,北京市
首都医科大学,中国,北京市
首都体育学院,中国,北京市
北京第二外国语学院,中国,北京市
北京语言大学,中国,北京市
外交学院,中国,北京市
北京体育大学,中国,北京市
中央音乐学院,中国,北京市
中国音乐学院,中国,北京市
中央美术学院,中国,北京市
中央戏剧学院,中国,北京市
中国戏曲学院,中国,北京市
北京电影学院,中国,北京市
北京舞蹈学院,中国,北京市
天津医科大学,中国,天津市
天津中医药大学,中国,天津市
天津体育学院,中国,天津市
天津音乐学院,中国,天津市
天津美术学院,中国,天津市
河北农业大学,中国,河北省
河北医科大学,中国,河北省
河北北方学院,中国,河北省
承德医学院,中国,河北省
山西医科大学,中国,山西省
长治医学院,中国,山西省
山西大同大学,中国,山西省
内蒙古农业大学,中国,内蒙古自治区
内蒙古医科大学,中国,内蒙古自治区
赤峰学院,中国,内蒙古自治区
锦州医科大学,中国,辽宁省
大连医科大学,中国,辽宁省
沈阳医学院,中国,辽宁省
渤海大学,中国,辽宁省
大连外国语大学,中国,辽宁省
中国刑事警察学院,中国,辽宁省
沈阳体育学院,中国,辽宁省
沈阳音乐学院,中国,辽宁省
鲁迅美术学院,中国,辽宁省
吉林化工学院,中国,吉林省
长春中医药大学,中国,吉林省
吉林体育学院,中国,吉林省
吉林艺术学院,中国,吉林省
黑龙江中医药大学,中国,黑龙江省
牡丹江医学院,中国,黑龙江省
哈尔滨体育学院,中国,黑龙江省
上海电力大学,中国,上海市
上海海关学院,中国,上海市
上海音乐学院,中国,上海市
上海戏剧学院,中国,上海市
盐城工学院,中国,江苏省
徐州医科大学,中国,江苏省
南京中医药大学,中国,江苏省
南京体育学院,中国,江苏省
南京艺术学院,中国,江苏省
浙江海洋大学,中国,浙江省
绍兴文理学院,中国,浙江省
中国美术学院,中国,浙江省
安徽医科大学,中国,安徽省
蚌埠医学院,中国,安徽省
皖南医学院,中国,安徽省
安徽中医药大学,中国,安徽省
阜阳师范大学,中国,安徽省
安庆师范大学,中国,安徽省
福建医科大学,中国,福建省
福建中医药大学,中国,福建省
闽江学院,中国,福建省
泉州师范学院,中国,福建省
赣南医学院,中国,江西省
宜春学院,中国,江西省
井冈山大学,中国,江西省
山东农业大学,中国,山东省
青岛农业大学,中国,山东省
潍坊医学院,中国,山东省
山东第一医科大学,中国,山东省
滨州医学院,中国,山东省
山东中医药大学,中国,山东省
济宁医学院,中国,山东省
鲁东大学,中国,山东省
山东体育学院,中国,山东省
山东艺术学院,中国,山东省
郑州轻工业大学,中国,河南省
河南中医药大学,中国,河南省
新乡医学院,中国,河南省
安阳师范学院,中国,河南省
河南财经政法大学,中国,河南省
湖北中医药大学,中国,湖北省
湖北民族大学,中国,湖北省
湖北文理学院,中国,湖北省
武汉体育学院,中国,湖北省
湖北美术学院,中国,湖北省
湖南中医药大学,中国,湖南省
衡阳师范学院,中国,湖南省
邵阳学院,中国,湖南省
湖南工商大学,中国,湖南省
广东海洋大学,中国,广东省
广州医科大学,中国,广东省
广东医科大学,中国,广东省
广州中医药大学,中国,广东省
广州体育学院,中国,广东省
广州美术学院,中国,广东省
星海音乐学院,中国,广东省
广东技术师范大学,中国,广东省
广西医科大学,中国,广西壮族自治区
右江民族医学院,中国,广西壮族自治区
广西中医药大学,中国,广西壮族自治区
桂林医学院,中国,广西壮族自治区
南宁师范大学,中国,广西壮族自治区
广西艺术学院,中国,广西壮族自治区
四川轻化工大学,中国,四川省
重庆医科大学,中国,重庆市
西南医科大学,中国,四川省
成都中医药大学,中国,四川省
川北医学院,中国,四川省
绵阳师范学院,中国,四川省
四川外国语大学,中国,重庆市
成都体育学院,中国,四川省
四川音乐学院,中国,四川省
四川美术学院,中国,重庆市
贵州医科大学,中国,贵州省
遵义医科大学,中国,贵州省
贵州中医药大学,中国,贵州省
贵州师范大学,中国,贵州省
昆明医科大学,中国,云南省
大理大学,中国,云南省
云南中医药大学,中国,云南省
云南艺术学院,中国,云南省
西藏农牧学院,中国,西藏自治区
西藏大学,中国,西藏自治区
西藏民族大学,中国,西藏自治区
西藏藏医学院,中国,西藏自治区
陕西中医药大学,中国,陕西省
延安大学,中国,陕西省
西安外国语大学,中国,陕西省
西北政法大学,中国,陕西省
西安体育学院,中国,陕西省
西安音乐学院,中国,陕西省
西安美术学院,中国,陕西省
甘肃中医药大学,中国,甘肃省
青海师范大学,中国,青海省
宁夏师范学院,中国,宁夏回族自治区
新疆师范大学,中国,新疆维吾尔自治区
喀什大学,中国,新疆维吾尔自治区
伊犁师范大学,中国,新疆维吾尔自治区
新疆艺术学院,中国,新疆维吾尔自治区
河北科技师范学院,中国,河北省
山西中医药大学,中国,山西省
浙江万里学院,中国,浙江省
安徽科技学院,中国,安徽省
山东工艺美术学院,中国,山东省
湖北科技学院,中国,湖北省
湖北医药学院,中国,湖北省
吉林外国语大学,中国,吉林省
贵阳学院,中国,贵州省
昌吉学院,中国,新疆维吾尔自治区
合肥学院,中国,安徽省
厦门理工学院,中国,福建省
成都大学,中国,四川省
海南热带海洋学院,中国,海南省
华北科技学院,中国,河北省
中国人民警察大学,中国,河北省
中华女子学院,中国,北京市
齐齐哈尔医学院,中国,黑龙江省
南京工程学院,中国,江苏省
南京审计大学,中国,江苏省
江西科技师范大学,中国,江西省
南昌工程学院,中国,江西省
仲恺农业工程学院,中国,广东省
云南警官学院,中国,云南省
昆明学院,中国,云南省
榆林学院,中国,陕西省
甘肃政法大学,中国,甘肃省
北京城市学院,中国,北京市
河北金融学院,中国,河北省
黑龙江东方学院,中国,黑龙江省
江苏理工学院,中国,江苏省
山东交通学院,中国,山东省
武汉音乐学院,中国,湖北省
广西财经学院,中国,广西壮族自治区
西安财经大学,中国,陕西省
北部湾大学,中国,广西壮族自治区
江苏海洋大学,中国,江苏省
浙江传媒学院,中国,浙江省
海南医学院,中国,海南省
东莞理工学院,中国,广东省
西安医学院,中国,陕西省
中央司法警官学院,中国,河北省
四川警察学院,中国,四川省
中国劳动关系学院,中国,北京市
河北传媒学院,中国,河北省
成都医学院,中国,四川省
合肥师范学院,中国,安徽省
山东政法学院,中国,山东省
南方科技大学,中国,广东省
河北中医学院,中国,河北省
内蒙古艺术学院,中国,内蒙古自治区
浙江音乐学院,中国,浙江省
哈尔滨音乐学院,中国,黑龙江省
中国社会科学院大学,中国,北京市
长江商学院,中国,北京市
中共中央党校(国家行政学院),中国,北京市
北京国家会计学院,中国,北京市
中国财政科学研究院,中国,北京市
商务部国际贸易经济合作研究院,中国,北京市
中国兽医药品监察所,中国,北京市
中国林业科学研究院,中国,北京市
中国水利水电科学研究院,中国,北京市
西安热工研究院有限公司,中国,陕西省
长江科学院,中国,湖北省
中国建筑科学研究院,中国,北京市
中国城市规划设计研究院,中国,北京市
中国建筑设计研究院,中国,北京市
中国环境科学研究院,中国,北京市
中国地质科学院,中国,北京市
钢铁研究总院,中国,北京市
中冶建筑研究总院有限公司,中国,北京市
长沙矿冶研究院,中国,湖南省
中钢集团马鞍山矿山研究院,中国,安徽省
冶金自动化研究设计院,中国,北京市
中钢集团洛阳耐火材料研究院,中国,河南省
中钢集团天津地质研究院有限公司,中国,天津市
中钢集团武汉安全环保研究院,中国,湖北省
北京机械工业自动化研究所,中国,北京市
沈阳铸造研究所,中国,辽宁省
机械科学研究院哈尔滨焊接研究所,中国,黑龙江省
郑州机械研究所,中国,河南省
武汉材料保护研究所,中国,湖北省
中国农业机械化科学研究院,中国,北京市
中国核动力研究设计院,中国,四川省
中国核电工程有限公司,中国,北京市
核工业理化工程研究院,中国,天津市
核工业北京地质研究院,中国,北京市
核工业北京化工冶金研究院,中国,北京市
中国辐射防护研究院,中国,山西省
核工业西南物理研究院,中国,四川省
中国航空研究院,中国,北京市
北京航空精密机械研究所,中国,北京市
中国航空研究院601所,中国,辽宁省
中国航空研究院603所,中国,陕西省
中国航空研究院611所,中国,四川省
中国空空导弹研究院,中国,河南省
中国航空研究院631所,中国,陕西省
北京航空材料研究院,中国,北京市
中国航空制造技术研究院,中国,北京市
中国航空规划设计研究总院有限公司,中国,北京市
中国航发湖南动力机械研究所,中国,湖南省
中国航空工业空气动力研究院,中国,黑龙江省
中国航空研究院626所,中国,辽宁省
中国航空工业总公司第六二八研究所,中国,北京市
北京长城计量测试技术研究所,中国,北京市
中国航空研究院640所,中国,上海市
中国航空研究院610所,中国,湖北省
中国电子科技集团公司电子科学研究院,中国,北京市
华北计算机系统工程研究所,中国,北京市
西安近代化学研究所(204所),中国,陕西省
内蒙古金属材料研究所(52所),中国,内蒙古自治区
西安应用光学研究所(205所),中国,陕西省
昆明物理研究所(211所),中国,云南省
西南技术物理研究所(209所),中国,四川省
北方自动控制技术研究所,中国,山西省
西安机电信息技术研究所(212所),中国,陕西省
陕西应用物理化学研究所,中国,陕西省
西北机电工程研究所(202所),中国,陕西省
西安现代控制技术研究所,中国,陕西省
西安电子工程研究所（206所）,中国,陕西省
西南自动化研究所,中国,四川省
山东非金属材料研究所,中国,山东省
中国运载火箭技术研究院,中国,北京市
航天科工集团三院8357所,中国,天津市
航天动力技术研究院,中国,陕西省
中国航天科技集团公司第四研究院第四十二所,中国,湖北省
中国航天科技集团公司第五研究院西安分院,中国,陕西省
中国航天科技集团有限公司第六研究院第十一研究所,中国,陕西省
中国航天科工集团第十研究院,中国,贵州省
北京化工研究院,中国,北京市
沈阳化工研究院,中国,辽宁省
北京橡胶工业研究设计院,中国,北京市
天华化工机械及自动化研究设计院,中国,甘肃省
轻工业环境保护研究所,中国,北京市
中国日用化学工业研究院,中国,山西省
中国食品发酵工业研究院,中国,北京市
中国制浆造纸研究院有限公司,中国,北京市
交通运输部公路科学研究所,中国,北京市
电信科学技术第四研究所(西安),中国,陕西省
电信科学技术第五研究所(成都),中国,四川省
中国艺术研究院,中国,北京市
中国电影艺术研究中心,中国,北京市
中国疾病预防控制中心,中国,北京市
中国中医科学院,中国,北京市
中国食品药品检定研究院,中国,北京市
北京生物制品研究所,中国,北京市
上海生物制品研究所,中国,上海市
武汉生物制品研究所,中国,湖北省
兰州生物制品研究所,中国,甘肃省
中日友好临床医学研究所,中国,北京市
长春生物制品研究所,中国,吉林省
卫生部北京老年医学研究所,中国,北京市
国家体育总局体育科学研究所,中国,北京市
自然资源部第一海洋研究所,中国,山东省
国家海洋局第二海洋研究所,中国,浙江省
自然资源部第三海洋研究所,中国,福建省
国家海洋环境预报中心,中国,北京市
中国地震局工程力学研究所,中国,黑龙江省
中国地震局地壳应力研究所,中国,北京市
中国计量科学研究院,中国,北京市
中国医药工业研究总院,中国,上海市
中国测绘科学研究院,中国,北京市
中国舰船研究院,中国,北京市
武汉数字工程研究所,中国,湖北省
上海船用柴油机研究所,中国,上海市
天津航海仪器研究所,中国,天津市
郑州机电工程研究所,中国,河南省
洛阳船舶材料研究所,中国,河南省
武汉船用电力推进装置研究所,中国,湖北省
华中光电技术研究所,中国,湖北省
武汉船舶通信研究所,中国,湖北省
上海船舶电子设备研究所,中国,上海市
大连测控技术研究所,中国,辽宁省
邯郸净化设备研究所,中国,河北省
中国石油化工股份有限公司石油化工科学研究院,中国,北京市
昆明贵金属研究所,中国,云南省
北京矿冶研究总院,中国,北京市
长沙矿山研究院,中国,湖南省
郑州烟草研究院,中国,河南省
北京市劳动保护科学研究所,中国,北京市
北京市环境保护科学研究院,中国,北京市
北京市心肺血管疾病研究所,中国,北京市
北京市市政工程研究院,中国,北京市
北京市结核病胸部肿瘤研究所,中国,北京市
北京市创伤骨科研究所,中国,北京市
首都儿科研究所,中国,北京市
山西省中医药研究院,中国,山西省
黑龙江省中医药科学院,中国,黑龙江省
黑龙江省社会科学院,中国,黑龙江省
黑龙江省科学院,中国,黑龙江省
上海国际问题研究院,中国,上海市
江苏省中国科学院植物研究所,中国,江苏省
江苏省血吸虫病防治研究所,中国,江苏省
浙江省医学科学院,中国,浙江省
湖北省社会科学院,中国,湖北省
广东省社会科学院,中国,广东省
广东省心血管病研究所,中国,广东省
四川省社会科学院,中国,四川省
中共北京市委党校,中国,北京市
中共辽宁省委党校,中国,辽宁省
中共吉林省委党校(吉林省行政学院),中国,吉林省
中共黑龙江省委党校,中国,黑龙江省
中共上海市委党校,中国,上海市
中共江苏省委党校,中国,江苏省
中共浙江省委党校,中国,浙江省
中共山东省委党校(山东行政学院）,中国,山东省
中共湖北省委党校,中国,湖北省
中共湖南省委党校,中国,湖南省
中共广东省委党校,中国,广东省
中共重庆市委党校,中国,重庆市
中共四川省委党校,中国,四川省
中共陕西省委党校,中国,陕西省
国防大学,中国,北京市
陆军指挥学院,中国,江苏省
陆军步兵学院,中国,江西省
陆军装甲兵学院,中国,北京市
陆军炮兵防空兵学院,中国,安徽省
陆军航空兵学院,中国,北京市
陆军特种作战学院,中国,广西壮族自治区
陆军防化学院,中国,北京市
陆军军医大学,中国,重庆市
陆军军事交通学院,中国,天津市
陆军勤务学院,中国,重庆市
海军指挥学院,中国,江苏省
海军潜艇学院,中国,山东省
海军航空大学,中国,山东省
海军军医大学,中国,上海市
海军勤务学院,中国,天津市
空军指挥学院,中国,北京市
空军军医大学,中国,陕西省
火箭军指挥学院,中国,湖北省
航天工程大学,中国,北京市
信息工程大学,中国,河南省
武警指挥学院,中国,天津市
解放军医学院,中国,北京市
西北核技术研究所,中国,陕西省
中国航天科工集团公司第三研究院,中国,北京市
中国科学院大学软件研究所,中国,北京市
中国科学院上海微系统与信息技术研究所,中国,上海市
中国科学院南京天文光学技术研究所,中国,江苏省
中国科学院声学所东海研究站,中国,上海市
电子科学研究院,中国,北京市
中国科学院地质与地球物理研究所,中国,北京市
华东计算技术研究所,中国,上海市
广东技术师范学院,中国,广东省
中国科学院计算技术研究所,中国,北京市
中国科学院沈阳计算技术研究所,中国,辽宁省
中国航天科工集团公司第十研究院,中国,贵州省
中国航天科技集团有限公司第八研究院,中国,上海市
淮海工学院,中国,江苏省
中国空间技术研究院,中国,北京市
中国科学院微电子研究所,中国,北京市
中国科学院国家空间科学中心,中国,北京市
中国科学院理论物理研究所,中国,北京市
凯斯西储大学,美国,国外
中国科学院力学研究所,中国,北京市
南加州大学,美国,国外
中国科学院光电研究院,中国,北京市
中国科学院工程热物理研究所,中国,北京市
美国华盛顿大学,美国,国外
诺丁汉大学,英国,国外
中国科学院空间应用工程与技术中心,中国,北京市
匹兹堡大学,美国,国外
中国科学院福建物质结构研究所,中国,福建省
波士顿大学,美国,国外
中国商飞上海飞机设计研究院,中国,上海市
中国空气动力研究与发展中心,中国,四川省
空军哈尔滨飞行学院,中国,黑龙江省
国家海洋局第一海洋研究所,中国,山东省
新加坡国立大学,新加坡,国外
英国格拉斯哥大学,英国,国外
中国科学院南海海洋研究所,中国,广东省
美国康奈尔大学,美国,国外
中国科学院大气物理研究所,中国,北京市
香港大学,中国,香港特别行政区
中国科学院地理科学与资源研究所,中国,北京市
中国科学院渗流流体力学研究所,中国,河北省
密歇根大学,美国,国外
沈阳城市学院,中国,辽宁省
台湾大学,中国,台湾省
遵义师范学院,中国,贵州省
霍特国际商学院,美国,国外
达姆施塔特工业大学,德国,国外
元智大学,中国,台湾省
中国地质大学长城学院,中国,河北省
东京大学,日本,国外
兰州城市学院,中国,甘肃省
曼彻斯特大学,英国,国外
美国亚利桑那州立大学,美国,国外
杭州电子科技大学信息工程学院,中国,浙江省
海军航空工程学院(青岛),中国,山东省
中国人民解放军炮兵学院(南京),中国,江苏省
河海大学(常州),中国,江苏省
中国矿业大学(徐州),中国,江苏省
哈尔滨工业大学(深圳),中国,黑龙江省
山东大学(威海),中国,山东省
空军勤务学院(徐州),中国,江苏省
中国舰船研究院(上海船舶设备研究所),中国,上海市
中国航空研究院613所,中国,河南省
中国人民解放军军事交通学院,中国,天津市
中国航空研究院602所,中国,江西省
中国航空研究院609所,中国,江苏省
香港中文大学(深圳),中国,广东省
中国人民解放军军械工程学院,中国,河北省
西安微电子技术研究所(航天771所),中国,陕西省
中科院声学研究所东海研究站,中国,上海市
东北大学(秦皇岛),中国,河北省
中国航天科工集团公司第二研究院(710所),中国,北京市
机械科学研究院(上海材料研究所),中国,上海市
电信科学技术研究院(第一研究所),中国,上海市
中国兵器科学研究院(中国北方车辆研究所),中国,北京市
哈尔滨工业大学(威海校区),中国,山东省
中国科学院半导体研究所,中国,北京市
中国航天科工集团公司第三研究院(第三总体设计部),中国,北京市
中国航天科工集团公司第二研究院(25所),中国,北京市
中国航天科技集团公司第六研究院(11所),中国,陕西省
机械科学研究院(北京机电研究所),中国,北京市
中国航天科技集团公司第一研究院(12所),中国,北京市
中国航天科工集团公司第二研究院(23所),中国,北京市
中国航天科工集团公司第二研究院(206所),中国,北京市
中国航天科工集团公司第二研究院(706所),中国,北京市
中国航天科工集团公司第三研究院(8358所),中国,天津市
中国航天科技集团公司航天时代电子公司(704所),中国,北京市
中国航天科工集团公司第三研究院(35所),中国,北京市
中国航天科技集团公司第二研究院(第二总体设计部),中国,北京市
煤炭科学研究总院(上海),中国,上海市
重庆地质灾害防治工程技术研究中心,中国,重庆市
中国航天科技集团有限公司第六研究院第十一所,中国,陕西省
中国航天科工集团公司第二研究院(17所),中国,北京市
中国航天科技集团公司航天时代电子公司(13所),中国,北京市
中国航天科技集团公司第五研究院(511 所),中国,北京市
中国航天科技集团公司第一研究院(14所),中国,北京市
中国航天科技集团公司第一研究院(703所),中国,北京市
中国航天科技集团公司第一研究院(18所),中国,北京市
中国航天科技集团公司第六研究院(北京11所),中国,陕西省
西北大学(美国),美国,国外
中国航天科技集团公司第一研究院(15所),中国,北京市
中国航天科工集团公司第三研究院(33所),中国,北京市
